Name_csv,Name_map
Afghanistan,Afghanistan
Afganistan,Afghanistan
Åland Islands,Åland Islands
Albania,Albania
Algeria,Algeria
American Samoa,American Samoa
Andorra,Andorra
Angola,Angola
Anguilla,Anguilla
Antarctica,Antarctica
Antigua and Barbuda,Antigua and Barbuda
Argentina,Argentina
Armenia,Armenia
Aruba,Aruba
Australia,Australia
Austria,Austria
Azerbaijan,Azerbaijan
Bahamas,Bahamas
Bahrain,Bahrain
Bangladesh,Bangladesh
Barbados,Barbados
Belarus,Belarus
Belgium,Belgium
Belize,Belize
Benin,Benin
Bermuda,Bermuda
Bhutan,Bhutan
Bolivia,Bolivia
Bosnia & Herzegovina,Bosnia and Herzegovina
Botswana,Botswana
Bouvet Island,Bouvet Island
Brazil,Brazil
British Indian Ocean Territory,British Indian Ocean Territory
British Virgin Islands,British Virgin Islands
Brunei,Brunei Darussalam
Bulgaria,Bulgaria
Burkina Faso,Burkina Faso
Myanmar,Myanmar
Burundi,Burundi
Cambodia,Cambodia
Cameroon,Cameroon
Canada,Canada
Cape Verde,Cape Verde
Cayman Islands,Cayman Islands
Central African Republic,Central African Republic
Chad,Chad
Chile,Chile
China,China
Christmas Island,Christmas Island
Cocos (Keeling) Islands,Cocos (Keeling) Islands
Colombia,Colombia
Comoros,Comoros
Congo,Congo
Cook Islands,Cook Islands
Costa Rica,Costa Rica
Ivory Coast,Cote d'Ivoire
Croatia,Croatia
Cuba,Cuba
Cyprus,Cyprus
Czech Republic,Czech Republic
Czechia,Czeck Republic
Democratic Republic of Congo,Democratic Republic of the Congo
Denmark,Denmark
Djibouti,Djibouti
Dominica,Dominica
Dominican Republic,Dominican Republic
Ecuador,Ecuador
Egypt,Egypt
El Salvador,El Salvador
Equatorial Guinea,Equatorial Guinea
Eritrea,Eritrea
Estonia,Estonia
Ethiopia,Ethiopia
Falkland Islands (Malvinas),Falkland Islands (Malvinas)
Faroe Islands,Faroe Islands
Fiji,Fiji
Finland,Finland
France,France
French Guiana,French Guiana
French Polynesia,French Polynesia
French Southern and Antarctic Lands,French Southern and Antarctic Lands
Gabon,Gabon
Gambia,Gambia
Georgia,Georgia
Germany,Germany
Ghana,Ghana
Gibraltar,Gibraltar
Greece,Greece
Greenland,Greenland
Grenada,Grenada
Guadeloupe,Guadeloupe
Guam,Guam
Guatemala,Guatemala
Guernsey,Guernsey
Guinea,Guinea
Guinea-Bissau,Guinea-Bissau
Guyana,Guyana
Haiti,Haiti
Heard Island and McDonald Islands,Heard Island and McDonald Islands
Holy See (Vatican City),Holy See (Vatican City)
Honduras,Honduras
Hong Kong,Hong Kong
Hungary,Hungary
Iceland,Iceland
India,India
Indonesia,Indonesia
Iran,Iran (Islamic Republic of)
Iraq,Iraq
Ireland,Ireland
Isle of Man,Isle of Man
Israel,Israel
Italy,Italy
Jamaica,Jamaica
Japan,Japan
Jersey,Jersey
Jordan,Jordan
Kazakhstan,Kazakhstan
Kenya,Kenya
Kosovo,Kosovo
Kiribati,Kiribati
North Korea,"Korea, Democratic People's Republic of"
South Korea,"Korea, Republic of"
Kuwait,Kuwait
Kyrgyzstan,Kyrgyzstan
Laos,Lao People's Democratic Republic
Latvia,Latvia
Lebanon,Lebanon
Lesotho,Lesotho
Liberia,Liberia
Libya,Libyan Arab Jamahiriya
Liechtenstein,Liechtenstein
Lithuania,Lithuania
Luxembourg,Luxembourg
Macau,Macau
Madagascar,Madagascar
Malawi,Malawi
Malaysia,Malaysia
Maldives,Maldives
Mali,Mali
Malta,Malta
Marshall Islands,Marshall Islands
Martinique,Martinique
Mauritania,Mauritania
Mauritius,Mauritius
Mayotte,Mayotte
Mexico,Mexico
"Micronesia, Federated States of","Micronesia, Federated States of"
Monaco,Monaco
Mongolia,Mongolia
Montenegro,Montenegro
Montserrat,Montserrat
Morocco,Morocco
Mozambique,Mozambique
Namibia,Namibia
Nauru,Nauru
Nepal,Nepal
Netherlands,Netherlands
Netherlands Antilles,Netherlands Antilles
New Caledonia,New Caledonia
New Zealand,New Zealand
Nicaragua,Nicaragua
Niger,Niger
Nigeria,Nigeria
Niue,Niue
Norfolk Island,Norfolk Island
Northern Mariana Islands,Northern Mariana Islands
Norway,Norway
Oman,Oman
Pakistan,Pakistan
Palau,Palau
Palestine,Palestine
Panama,Panama
Papua New Guinea,Papua New Guinea
Paraguay,Paraguay
Peru,Peru
Philippines,Philippines
Pitcairn Islands,Pitcairn Islands
Poland,Poland
Portugal,Portugal
Puerto Rico,Puerto Rico
Qatar,Qatar
Republic of Moldova,Republic of Moldova
Moldova,Republic of Moldova
Reunion,Reunion
Romania,Romania
Russia,Russia
Rwanda,Rwanda
Saint Barthelemy,Saint Barthelemy
Saint Helena,Saint Helena
Saint Kitts and Nevis,Saint Kitts and Nevis
Saint Lucia,Saint Lucia
Saint Martin,Saint Martin
Saint Pierre and Miquelon,Saint Pierre and Miquelon
Saint Vincent and the Grenadines,Saint Vincent and the Grenadines
Samoa,Samoa
San Marino,San Marino
Sao Tome and Principe,Sao Tome and Principe
Saudi Arabia,Saudi Arabia
Senegal,Senegal
Serbia,Serbia
Seychelles,Seychelles
Sierra Leone,Sierra Leone
Singapore,Singapore
Slovakia,Slovakia
Slovenia,Slovenia
Solomon Islands,Solomon Islands
Somalia,Somalia
South Africa,South Africa
South Georgia South Sandwich Islands,South Georgia South Sandwich Islands
Spain,Spain
Sri Lanka,Sri Lanka
Sudan,Sudan
South Sudan,South Sudan
Suriname,Suriname
Svalbard,Svalbard
Swaziland,Swaziland
Sweden,Sweden
Switzerland,Switzerland
Syria,Syrian Arab Republic
Taiwan,Taiwan
Tajikistan,Tajikistan
Thailand,Thailand
FYROM,The former Yugoslav Republic of Macedonia
East Timor, East Timor
Togo,Togo
Tokelau,Tokelau
Tonga,Tonga
Trinidad and Tobago,Trinidad and Tobago
Tunisia,Tunisia
Turkey,Turkey
Turkmenistan,Turkmenistan
Turks and Caicos Islands,Turks and Caicos Islands
Tuvalu,Tuvalu
Uganda,Uganda
Ukraine,Ukraine
United Arab Emirates,United Arab Emirates
United Kingdom,United Kingdom
UK,United Kingdom
Tanzania,Tanzania
United States,United States
USA,United States
United States Minor Outlying Islands,United States Minor Outlying Islands
United States Virgin Islands,United States Virgin Islands
Uruguay,Uruguay
Uzbekistan,Uzbekistan
Vanuatu,Vanuatu
Venezuela,Venezuela
Vietnam,Vietnam
Wallis and Futuna Islands,Wallis and Futuna Islands
Western Sahara,Western Sahara
Yemen,Yemen
Zambia,Zambia
Zimbabwe,Zimbabwe